{"loss": [6.173832893371582, 5.039428234100342, 4.209737300872803, 3.529945135116577, 3.010881185531616, 2.6155426502227783, 2.351694107055664, 2.121257781982422, 1.9915037155151367, 1.8775945901870728, 1.8025214672088623, 1.7405916452407837, 1.6775472164154053, 1.6678601503372192, 1.638791799545288], "accuracy": [0.07369323074817657, 0.15840372443199158, 0.22573141753673553, 0.2894275188446045, 0.35373565554618835, 0.41029092669487, 0.4555841088294983, 0.4952462613582611, 0.5208308100700378, 0.5432325601577759, 0.557473361492157, 0.570000410079956, 0.5822418332099915, 0.5815481543540955, 0.5879136323928833], "val_loss": [5.721935749053955, 5.536861896514893, 5.605705261230469, 5.8271565437316895, 6.005009174346924, 6.261263370513916, 6.499467849731445, 6.689260482788086, 6.906394004821777, 7.033953666687012, 7.171691417694092, 7.32240104675293, 7.500062942504883, 7.663088321685791, 7.789687156677246], "val_accuracy": [0.1204504668712616, 0.17055656015872955, 0.1952015608549118, 0.21478700637817383, 0.22751754522323608, 0.2374734729528427, 0.23176105320453644, 0.2399216592311859, 0.23943202197551727, 0.24775584042072296, 0.250856876373291, 0.2515096962451935, 0.25102007389068604, 0.25102007389068604, 0.250856876373291]}